"DESCRIPTION","DURATION IN MS","NAME","PARENT SUITE","START TIME","STATUS","STOP TIME","SUB SUITE","SUITE","TEST CLASS","TEST METHOD"
"登录接口参数化测试，覆盖正向和反向场景","2","登录测试-{case_name}","testcases","2026-10-09","passed","2026-10-09","TestAuth","test_auth","",""
"查询预订详情，覆盖正常ID和不存在的ID","2","查询预订详情-{case_name}","testcases.booking","2026-10-09","passed","2026-10-09","TestBookingQuery","test_booking_query","",""
"登录接口参数化测试，覆盖正向和反向场景","2","登录测试-{case_name}","testcases","2026-10-09","passed","2026-10-09","TestAuth","test_auth","",""
"登录接口参数化测试，覆盖正向和反向场景","1","登录测试-{case_name}","testcases","2026-10-09","passed","2026-10-09","TestAuth","test_auth","",""
"使用PUT方法全量修改预订，验证修改成功且数据正确","2","全量修改预订（PUT）","testcases.booking","2026-10-09","passed","2026-10-09","TestBookingUpdate","test_booking_update","",""
"登录接口参数化测试，覆盖正向和反向场景","1","登录测试-{case_name}","testcases","2026-10-09","passed","2026-10-09","TestAuth","test_auth","",""
"登录接口参数化测试，覆盖正向和反向场景","1","登录测试-{case_name}","testcases","2026-10-09","passed","2026-10-09","TestAuth","test_auth","",""
"查询预订详情，覆盖正常ID和不存在的ID","2","查询预订详情-{case_name}","testcases.booking","2026-10-09","passed","2026-10-09","TestBookingQuery","test_booking_query","",""
"使用PATCH方法只修改部分字段，验证修改的字段更新，未修改的字段保持不变","3","部分修改预订（PATCH）","testcases.booking","2026-10-09","passed","2026-10-09","TestBookingUpdate","test_booking_update","",""
"查询预订详情，覆盖正常ID和不存在的ID","2","查询预订详情-{case_name}","testcases.booking","2026-10-09","passed","2026-10-09","TestBookingQuery","test_booking_query","",""
"查询预订详情，覆盖正常ID和不存在的ID","2","查询预订详情-{case_name}","testcases.booking","2026-10-09","passed","2026-10-09","TestBookingQuery","test_booking_query","",""
"创建预订接口测试，覆盖正向和反向用例","2","创建预订-{case_name}","testcases.booking","2026-10-09","passed","2026-10-09","TestBookingCreate","test_booking_create","",""
"创建预订接口测试，覆盖正向和反向用例","2","创建预订-{case_name}","testcases.booking","2026-10-09","passed","2026-10-09","TestBookingCreate","test_booking_create","",""
"登录接口参数化测试，覆盖正向和反向场景","1","登录测试-{case_name}","testcases","2026-10-09","passed","2026-10-09","TestAuth","test_auth","",""
"登录接口参数化测试，覆盖正向和反向场景","2","登录测试-{case_name}","testcases","2026-10-09","passed","2026-10-09","TestAuth","test_auth","",""
"登录接口参数化测试，覆盖正向和反向场景","1","登录测试-{case_name}","testcases","2026-10-09","passed","2026-10-09","TestAuth","test_auth","",""
"创建预订接口测试，覆盖正向和反向用例","2","创建预订-{case_name}","testcases.booking","2026-10-09","passed","2026-10-09","TestBookingCreate","test_booking_create","",""
"创建预订接口测试，覆盖正向和反向用例","2","创建预订-{case_name}","testcases.booking","2026-10-09","passed","2026-10-09","TestBookingCreate","test_booking_create","",""
"创建预订接口测试，覆盖正向和反向用例","2","创建预订-{case_name}","testcases.booking","2026-10-09","passed","2026-10-09","TestBookingCreate","test_booking_create","",""
"查询预订详情，覆盖正常ID和不存在的ID","2","查询预订详情-{case_name}","testcases.booking","2026-10-09","passed","2026-10-09","TestBookingQuery","test_booking_query","",""
"创建预订接口测试，覆盖正向和反向用例","3","创建预订-{case_name}","testcases.booking","2026-10-09","passed","2026-10-09","TestBookingCreate","test_booking_create","",""
"创建预订后删除，验证删除成功，删除后查询返回404","6","删除预订","testcases.booking","2026-10-09","passed","2026-10-09","TestBookingDelete","test_booking_delete","",""
"登录接口参数化测试，覆盖正向和反向场景","2","登录测试-{case_name}","testcases","2026-10-09","passed","2026-10-09","TestAuth","test_auth","",""
"登录接口参数化测试，覆盖正向和反向场景","2","登录测试-{case_name}","testcases","2026-10-09","passed","2026-10-09","TestAuth","test_auth","",""
"登录接口参数化测试，覆盖正向和反向场景","2","登录测试-{case_name}","testcases","2026-10-09","passed","2026-10-09","TestAuth","test_auth","",""
"查询预订详情，覆盖正常ID和不存在的ID","2","查询预订详情-{case_name}","testcases.booking","2026-10-09","passed","2026-10-09","TestBookingQuery","test_booking_query","",""
"创建预订接口测试，覆盖正向和反向用例","2","创建预订-{case_name}","testcases.booking","2026-10-09","passed","2026-10-09","TestBookingCreate","test_booking_create","",""
"登录接口参数化测试，覆盖正向和反向场景","2","登录测试-{case_name}","testcases","2026-10-09","passed","2026-10-09","TestAuth","test_auth","",""
"验证查询预订列表接口返回正常，列表不为空，每条数据都有bookingid","3","查询预订列表","testcases.booking","2026-10-09","passed","2026-10-09","TestBookingQuery","test_booking_query","",""
"未登录状态下修改预订，验证接口返回403禁止访问","17","未登录时修改预订返回403","testcases.booking","2026-10-09","passed","2026-10-09","TestBookingAuth","test_booking_auth","",""
"创建预订接口测试，覆盖正向和反向用例","1","创建预订-{case_name}","testcases.booking","2026-10-09","passed","2026-10-09","TestBookingCreate","test_booking_create","",""
"登录接口参数化测试，覆盖正向和反向场景","2","登录测试-{case_name}","testcases","2026-10-09","passed","2026-10-09","TestAuth","test_auth","",""
"创建预订接口测试，覆盖正向和反向用例","2","创建预订-{case_name}","testcases.booking","2026-10-09","passed","2026-10-09","TestBookingCreate","test_booking_create","",""
"查询预订详情，覆盖正常ID和不存在的ID","11","查询预订详情-{case_name}","testcases.booking","2026-10-09","passed","2026-10-09","TestBookingQuery","test_booking_query","",""
"查询预订详情，覆盖正常ID和不存在的ID","2","查询预订详情-{case_name}","testcases.booking","2026-10-09","passed","2026-10-09","TestBookingQuery","test_booking_query","",""
"查询预订详情，覆盖正常ID和不存在的ID","2","查询预订详情-{case_name}","testcases.booking","2026-10-09","passed","2026-10-09","TestBookingQuery","test_booking_query","",""
"登录接口参数化测试，覆盖正向和反向场景","2","登录测试-{case_name}","testcases","2026-10-09","passed","2026-10-09","TestAuth","test_auth","",""
"正向登录，验证返回的 token 长度和格式正确","2","验证登录成功返回的token格式","testcases","2026-10-09","passed","2026-10-09","TestAuth","test_auth","",""
"创建预订接口测试，覆盖正向和反向用例","2","创建预订-{case_name}","testcases.booking","2026-10-09","passed","2026-10-09","TestBookingCreate","test_booking_create","",""
"创建预订接口测试，覆盖正向和反向用例","2","创建预订-{case_name}","testcases.booking","2026-10-09","passed","2026-10-09","TestBookingCreate","test_booking_create","",""
"创建预订接口测试，覆盖正向和反向用例","2","创建预订-{case_name}","testcases.booking","2026-10-09","passed","2026-10-09","TestBookingCreate","test_booking_create","",""
"登录接口参数化测试，覆盖正向和反向场景","2","登录测试-{case_name}","testcases","2026-10-09","passed","2026-10-09","TestAuth","test_auth","",""
"查询预订详情，覆盖正常ID和不存在的ID","2","查询预订详情-{case_name}","testcases.booking","2026-10-09","passed","2026-10-09","TestBookingQuery","test_booking_query","",""
"创建预订接口测试，覆盖正向和反向用例","3","创建预订-{case_name}","testcases.booking","2026-10-09","passed","2026-10-09","TestBookingCreate","test_booking_create","",""
"登录接口参数化测试，覆盖正向和反向场景","2","登录测试-{case_name}","testcases","2026-10-09","passed","2026-10-09","TestAuth","test_auth","",""
